Time,IP,IP_t1,GAS_PRICE,GAS_PRICE_t1,Diff_IP,Diff_GP,Growth_IP,Growth_GP,logGrowth_IP,logGrowth_GP,NGPI
2004-01-01,91.7,92.1,11.36,11.00952381,-0.435256399884111,3.13377141749535,-0.434310532030392,3.18339099899726,-0.0962344538251294,1.30641268995592,0
2004-02-01,92.6,91.7,10.7975,11.36,0.976676238971379,-5.07837874402861,0.981461286804789,-4.95158450704225,0.216149474760554,-2.08978316114653,0
2004-03-01,92.3,92.6,10.90043478,10.7975,-0.324500014332671,0.948805066026523,-0.323974082073431,0.953320490854364,-0.0716606215243309,0.398772426192472,0
2004-04-01,93.3,92.3,10.97454545,10.90043478,1.07759663444915,0.677586473405711,1.08342361863489,0.679887284275842,0.238140579572301,0.283651085988738,0
2004-05-01,93.2,93.3,11.22190476,10.97454545,-0.107238616175209,2.22891091449941,-0.107181136120037,2.25393672227216,-0.0236426078692003,0.930426982927943,0
2004-06-01,93.4,93.2,10.60772727,11.22190476,0.21436235432509,-5.62849271206613,0.214592274678115,-5.47302354756395,0.047271065003177,-2.32787460932923,0
2004-07-01,94,93.4,10.65681818,10.60772727,0.640343703520671,0.461716873529355,0.642398286937895,0.462784428280275,0.141141511840093,0.195511624039053,0
2004-08-01,91.7,94,12.03090909,10.65681818,-2.47724030075841,12.1279203703312,-2.44680851063829,12.8940072617435,-0.545251941482143,5.12548428866932,0
2004-09-01,93.5,91.7,12.785,12.03090909,1.94390570322219,6.079351303317,1.96292257360959,6.26794620721384,0.430208271656164,2.44398086150823,0
2004-10-01,94,93.5,12.0652381,12.785,0.533334597536225,-5.7944175090887,0.53475935828877,-5.6297371920219,0.117527353421431,-2.27386092414446,0
2004-11-01,92.9,94,12.95954545,12.0652381,-1.17711364502105,7.1504183354314,-1.17021276595744,7.41226441275121,-0.259088107074778,2.87127522571179,0
2004-12-01,92.5,92.9,14.5373913,12.95954545,-0.43150013014133,11.489142359615,-0.430570505920351,12.1751635201063,-0.0952218644030198,4.48473576429036,0
2005-01-01,94.1,92.5,14.12333333,14.5373913,1.7149402072954,-2.88957648683845,1.72972972972972,-2.84822745329831,0.378807415773045,-1.07951975736273,0
2005-02-01,93.2,94.1,16.8315,14.12333333,-0.961032489978777,17.5423855056551,-0.95642933049946,19.175123936553,-0.21147816261961,6.62519758793269,0
2005-03-01,93.4,93.2,18.58521739,16.8315,0.21436235432509,9.91143699574394,0.214592274678115,10.4192578795711,0.047271065003177,3.5106453609467,0
2005-04-01,94.9,93.4,14.80857143,18.58521739,1.5932360381085,-22.7160336945616,1.60599571734475,-20.3206983310944,0.35117350557269,-7.77316386864712,0
2005-05-01,93.6,94.9,14.28909091,14.80857143,-1.37933221323357,-3.57097910994366,-1.36986301369864,-3.5079718692352,-0.302961920430209,-1.32493727489303,0
2005-06-01,94.5,93.6,14.35636364,14.28909091,0.956945101615077,0.469693043681389,0.961538461538468,0.470797830482829,0.210825885875797,0.176609770369404,0
2005-07-01,95.1,94.5,15.54095238,14.35636364,0.632913505164709,7.92853256358012,0.634920634920629,8.25131467622814,0.139144688078353,2.97595994788941,0
2005-08-01,94.4,95.1,15.10782609,15.54095238,-0.738789639988909,-2.82657351118746,-0.736067297581481,-2.78699966005559,-0.162195644526522,-1.03028814642112,0
2005-09-01,95.8,94.4,14.74636364,15.10782609,1.47216118253601,-2.42163741537735,1.48305084745762,-2.39255103842673,0.323726857845794,-0.891877547071268,0
2005-10-01,96.1,95.8,15.5347619,14.74636364,0.312663099943109,5.20836965356227,0.31315240083507,5.34639101033317,0.0685324632824595,1.93547989222601,0
2005-11-01,97.2,96.1,19.15909091,15.5347619,1.13813954901468,20.9697108085174,1.14464099895943,23.330444543215,0.24929736989392,7.64458534090743,0
2005-12-01,96.3,97.2,22.90363636,19.15909091,-0.930239266231354,17.8518366835975,-0.925925925925932,19.544483961113,-0.203252320222375,6.04577816881298,0
2006-01-01,96.9,96.3,25.695,22.90363636,0.621120009264075,11.5000729477175,0.623052959501566,12.1874255953302,0.135987808980951,3.67262439663306,0
2006-02-01,96.8,96.9,22.324,25.695,-0.10325246141889,-14.0634087518006,-0.103199174406614,-13.119283907375,-0.0225753599464698,-4.33213943841773,0
2006-03-01,97.5,96.8,26.02826087,22.324,0.72053837212701,15.352057132422,0.723140495867772,16.5931771635907,0.157575770232853,4.94324736133085,0
2006-04-01,98.2,97.5,21.388,26.02826087,0.715383735661817,-19.6352887163922,0.717948717948721,-17.8277791711713,0.156202356892042,-6.02460472248587,0
2006-05-01,100.3,98.2,19.6926087,21.388,2.11594796074701,-8.25866446384072,2.13849287169042,-7.92683420609688,0.461291714334586,-2.69641619605673,0.643786778210995
2006-06-01,99.9,100.3,19.58409091,19.6926087,-0.399600931338171,-0.552582407419834,-0.398803589232295,-0.551058479113539,-0.0867158339758777,-0.185415195459666,0
2006-07-01,99.6,99.9,19.84761905,19.58409091,-0.300752106395578,1.33665044618158,-0.300300300300312,1.3456235533784,-0.0653216816340739,0.449336928446284,0
2006-08-01,100.4,99.6,17.97826087,19.84761905,0.800004266707674,-9.89207542769151,0.803212851405634,-9.41855128965708,0.173870043717284,-3.31050775439329,0
2006-09-01,100.8,100.4,15.95142857,17.97826087,0.397614837963886,-11.9614907821437,0.398406374501984,-11.2737951387842,0.0862661846306467,-4.14012277814498,0
2006-10-01,100.7,100.8,14.20045455,15.95142857,-0.0992555912750959,-11.6274416079075,-0.0992063492063436,-10.976910389663,-0.0215158496501206,-4.19831682551388,0
2006-11-01,101.4,100.7,19.87272727,14.20045455,0.692729143256599,33.6074328148562,0.69513406156902,39.9443038955397,0.150196713923913,12.6664012596682,0
2006-12-01,103.7,101.4,16.45809524,19.87272727,2.24290240783984,-18.8530834788674,2.26824457593688,-17.1825033555145,0.485574132207115,-6.30675370319525,0.126954447092828
2007-01-01,103.2,103.7,13.60347826,16.45809524,-0.483326218801892,-19.049195356397,-0.482160077145612,-17.3447591496621,-0.104131422716667,-6.80129839731258,0
2007-02-01,103.6,103.2,9.3105,13.60347826,0.386847677791991,-37.9182718914507,0.387596899224798,-31.5579455338505,0.0834322419936749,-14.5262618326662,0
2007-03-01,104.2,103.6,10.33863636,9.3105,0.577479949388419,10.4745184766292,0.579150579150587,11.0427620428549,0.124442474727415,4.69468762715186,0
2007-04-01,102.8,104.2,8.919047619,10.33863636,-1.35267762982016,-14.7698808584691,-1.34357005758158,-13.7309089087644,-0.291129306893626,-6.32302618233192,0
2007-05-01,104.3,102.8,11.71391304,8.919047619,1.44860089856621,27.2588112323057,1.4591439688716,31.335917694241,0.312684656892548,12.4572461945159,0
2007-06-01,104.1,104.3,10.58619048,11.71391304,-0.191938638580382,-10.1226917194003,-0.191754554170664,-9.62720617908906,-0.0413013623756847,-4.11361555758653,0
2007-07-01,104.4,104.1,14.94636364,10.58619048,0.287769982761517,34.4917668617374,0.288184438040357,41.1873673370744,0.0619479394181003,14.6179404967647,0
2007-08-01,105.2,104.4,14.28130435,14.94636364,0.763362485507116,-4.55167416911951,0.766283524904212,-4.44963943082547,0.164226498862377,-1.68302013905383,0
2007-09-01,104.6,105.2,17.057,14.28130435,-0.571974867278698,17.7609382882222,-0.570342205323202,19.4358693153962,-0.122850442632497,6.67967793535484,0
2007-10-01,105.3,104.6,20.13478261,17.057,0.666986750910667,16.5888120963601,0.669216061185471,18.0441027730551,0.143433582964713,5.84821337786455,0
2007-11-01,104.6,105.3,22.22363636,20.13478261,-0.666986750910667,9.87076257647828,-0.664767331434001,10.3743546203601,-0.143228145703517,3.28757066042059,0
2007-12-01,105.8,104.6,23.13333333,22.22363636,1.14069677933765,4.0118155313437,1.14722753346081,4.09337587811394,0.245303562497033,1.29365145888447,0
2008-01-01,107.3,105.8,24.26347826,23.13333333,1.40781302124537,4.76976888168855,1.41776937618147,4.88535272404688,0.30200531247686,1.51841832421464,0
2008-02-01,107.1,107.3,22.76095238,24.26347826,-0.186567218295011,-6.39258146707959,-0.186393289841568,-6.19254116783832,-0.0399020607227884,-2.00458985868074,0
2008-03-01,105.9,107.1,23.69333333,22.76095238,-1.12677248463422,4.01472616310076,-1.1204481792717,4.0964056970625,-0.241084644229881,1.28469327534114,0
2008-04-01,106.5,105.9,25.75318182,23.69333333,0.564973254211964,8.33644708237057,0.566572237960335,8.69378935125122,0.121174011683126,2.6337873237393,0
2008-05-01,104.1,106.5,25.01409091,25.75318182,-2.27930095285569,-2.91188828164934,-2.25352112676057,-2.86990133943767,-0.48826695831143,-0.896363283509792,0
2008-06-01,104.1,104.1,26.55238095,25.01409091,0,5.96801191483547,0,6.14969396863042,0,1.85374264090929,0
2008-07-01,103.1,104.1,25.08826087,26.55238095,-0.965258459800907,-5.67193793209429,-0.96061479346782,-5.51408208083878,-0.207790166356961,-1.72971374408477,0
2008-08-01,102.9,103.1,24.0352381,25.08826087,-0.19417481829106,-4.28790346289026,-0.193986420950522,-4.19727288175316,-0.0418868442304697,-1.33065522796276,0
2008-09-01,101.4,102.9,30.28409091,24.0352381,-1.46845516829205,23.1101514468381,-1.45772594752187,25.9987139881922,-0.31690374885296,7.26843804176541,0
2008-10-01,99.1,101.4,26.1426087,30.28409091,-2.29436498211408,-14.7056021689494,-2.26824457593689,-13.6754384416157,-0.496715452826778,-4.31170616901682,0
2008-11-01,95.3,99.1,23.5355,26.1426087,-3.90996306757853,-10.5056580880505,-3.83451059535822,-9.97264171268417,-0.85070777868302,-3.21907278021221,0
2008-12-01,91.6,95.3,21.67434783,23.5355,-3.95985389800722,-8.23804859491372,-3.88247639034628,-7.90785056616601,-0.8689550129218,-2.60820728908921,0
2009-01-01,87.1,91.6,23.225,21.67434783,-5.03743878216278,6.90998510672819,-4.91266375545852,7.15431985387679,-1.11511132747999,2.24632456332247,0
2009-02-01,85.4,87.1,17.725,23.225,-1.97107830639328,-27.0253212281711,-1.95177956371985,-23.6813778256189,-0.441247639696664,-8.59248047817591,0
2009-03-01,84.7,85.4,12.2,17.725,-0.823049913651516,-37.3540120678981,-0.819672131147544,-31.1706629055007,-0.185065406423952,-12.9928079841301,0
2009-04-01,83.9,84.7,11.32727273,12.2,-0.948998818484824,-7.42226179434579,-0.944510035419123,-7.15350221311474,-0.21378105542698,-2.96720041509965,0
2009-05-01,85.6,83.9,11.00952381,11.32727273,2.00596696745356,-2.84526346777014,2.02622169249105,-2.8051670298222,0.452852485174414,-1.17223460672104,2.00596696745356
2009-06-01,85.9,85.6,10.79681818,11.00952381,0.349854584251375,-1.95092213577652,0.350467289719639,-1.93201480527974,0.0786245682534853,-0.813304193492004,0
2009-07-01,85.9,85.9,9.393478261,10.79681818,0,-13.9235831297608,0,-12.9977174349342,0,-5.85208552349743,0
2009-08-01,86.2,85.9,8.778571429,9.393478261,0.348634867943758,-6.77019594571274,0.349243306169962,-6.54610374256128,0.0782889010047478,-3.02238779287274,0
2009-09-01,88.3,86.2,9.418181818,8.778571429,2.40699299402672,7.03283700021564,2.43619489559164,7.28604185969313,0.540087755671728,3.23748685205318,0.401026026573163
2009-10-01,87.9,88.3,10.34090909,9.418181818,-0.454030291878325,9.34657279370703,-0.453001132502822,9.79729728976442,-0.101329307430087,4.16766142617422,0
2009-11-01,88.3,87.9,9.738095238,10.34090909,0.454030291878325,-6.00622471951237,0.455062571103517,-5.8294086791938,0.10143208786223,-2.57103921241132,0
2009-12-01,88,88.3,11.4,9.738095238,-0.340329313170798,15.7567817650796,-0.33975084937712,17.0660146710716,-0.0759538167796869,6.92287632375691,0
2010-01-01,89.2,88,14.44047619,11.4,1.35442251077569,23.6421754667311,1.36363636363637,26.6708437719298,0.30250628150108,9.71484455994892,0
2010-02-01,88.9,89.2,13.715,14.44047619,-0.336889706610521,-5.15449856781942,-0.336322869955154,-5.02390766380953,-0.075016395144054,-1.93049842243033,0
2010-03-01,91.2,88.9,11.95478261,13.715,2.55427545604272,-13.7358707668031,2.58717660292463,-12.8342500182282,0.569196333050683,-5.24572181459164,0.147282462015994
2010-04-01,91.6,91.2,13.49318182,11.95478261,0.437637459979896,12.1053090771581,0.438596491228061,12.8684833525383,0.0969714461623379,4.87894715917691,0
2010-05-01,93.1,91.6,16.78190476,13.49318182,1.62429126029366,21.8116700810544,1.63755458515284,24.373220370642,0.359560812906306,8.38206130973673,0
2010-06-01,94.1,93.1,19.22272727,16.78190476,1.06838623083127,13.5792082674589,1.07411385606874,14.5443711241751,0.235655714858174,4.81480780403114,0
2010-07-01,93.4,94.1,19.46954545,19.22272727,-0.746670135653687,1.27581819597322,-0.743889479277352,1.28399147807291,-0.164307065596153,0.431589287072538,0
2010-08-01,94,93.4,18.13090909,19.46954545,0.640343703520671,-7.12333065711903,0.642398286937895,-6.87553987039795,0.141141511840093,-2.39935568419317,0
2010-09-01,94.8,94,18.94318182,18.13090909,0.847462699097264,4.38259020017767,0.851063829787231,4.48004413881268,0.186530423340446,1.51248023326442,0
2010-10-01,95.4,94.8,18.49761905,18.94318182,0.630916919326467,-2.38020445668445,0.632911392405072,-2.35210100517316,0.138609156703503,-0.809195892004365,0
2010-11-01,96.3,95.4,19.47727273,18.49761905,0.938974034983858,5.16062610178182,0.943396226415085,5.29610690625612,0.206002160520516,1.76876603081603,0
2010-12-01,96.3,96.3,24.09478261,19.47727273,0,21.2747043028277,0,23.7071685754436,0,7.165013586636,0
2011-01-01,96.8,96.3,22.34380952,24.09478261,0.517867547845185,-7.54460241249177,0.519210799584631,-7.26702173803094,0.113381749297121,-2.37102875245095,0
2011-02-01,98,96.8,21.761,22.34380952,1.2320484388041,-2.64299269087451,1.23966942148761,-2.60837132306524,0.269438782469893,-0.850780860843617,0
2011-03-01,97.9,98,23.7226087,21.761,-0.102092913410786,8.63091701888726,-0.102040816326525,9.01433160240797,-0.0222668784207796,2.80213717814224,0
2011-04-01,98,97.9,22.8547619,23.7226087,0.102092913410786,-3.72690531252607,0.102145045965265,-3.65831098499719,0.0222718376637943,-1.17700597288182,0
2011-05-01,98.7,98,22.98954545,22.8547619,0.711746776886343,0.588007306201746,0.714285714285717,0.589739462566887,0.155234858305411,0.187912219671828,0
2011-06-01,97.1,98.7,22.61363636,22.98954545,-1.63435711421567,-1.64864638602575,-1.6210739614995,-1.6351305893262,-0.355907421852661,-0.525877377565299,0
2011-07-01,98,97.1,21.51142857,22.61363636,0.922610337329331,-4.99687477792747,0.92687950566427,-4.87408470028127,0.201630787594369,-1.60230549641535,0
2011-08-01,98.1,98,21.93565217,21.51142857,0.101988790074529,1.95289108112024,0.102040816326525,1.97208473914014,0.0222441686989023,0.636414338014559,0
2011-09-01,97.3,98.1,23.39363636,21.93565217,-0.818837737935894,6.43507688396267,-0.815494393476042,6.64664163481763,-0.178552113750826,2.08382152124417,0
2011-10-01,97.2,97.3,22.5547619,23.39363636,-0.102827772556566,-3.65178205640882,-0.102774922918802,-3.58590877916852,-0.0224622734198987,-1.15838975985827,0
2011-11-01,97.5,97.2,23.73636364,22.5547619,0.308166653740841,5.10619886729165,0.308641975308639,5.23881274047057,0.0673327708921002,1.63873138878817,0
2011-12-01,97,97.5,22.29681818,23.73636364,-0.514139950041852,-6.25642172851661,-0.512820512820513,-6.06472618061054,-0.112261249404276,-1.97549906011351,0
2012-01-01,96.3,97,21.86545455,22.29681818,-0.724265969930343,-1.95360121938643,-0.721649484536085,-1.93464209340384,-0.158319503315877,-0.629291824345443,0
2012-02-01,95.7,96.3,25.41142857,21.86545455,-0.625002034517138,15.0291042950085,-0.623052959501552,16.2172435605735,-0.136837738303303,4.87181608777882,0
2012-03-01,96.8,95.7,23.80727273,25.41142857,1.14286958236232,-6.52079056418881,1.14942528735632,-6.312733798421,0.250562351455194,-2.01557633112195,0.220259245032992
2012-04-01,95.1,96.8,24.78952381,23.80727273,-1.77180247311873,4.04300260183038,-1.75619834710744,4.12584461538194,-0.387478516346029,1.27539871892463,0
2012-05-01,96.7,95.1,24.19652174,24.78952381,1.66844329079038,-2.42122438269166,1.68243953732914,-2.39214788692626,0.366294030476334,-0.754176564207412,0.525573708428055
2012-06-01,95.6,96.7,23.67333333,24.19652174,-1.14405824018922,-2.18596543744377,-1.13753877973114,-2.1622463576453,-0.250252621880448,-0.686070973623563,0
2012-07-01,96.1,95.6,24.33272727,23.67333333,0.521649591889059,2.74730067517487,0.523012552301255,2.78538696181152,0.114392504949516,0.868204002759917,0
2012-08-01,97,96.1,24.05652174,24.33272727,0.932166252713671,-1.1416111446714,0.936524453694075,-1.1351194912727,0.204181108816202,-0.357667519328812,0
2012-09-01,95,97,25.8255,24.05652174,-2.08340869028422,7.09562418914385,-2.06185567010309,7.35342490123429,-0.4554186483199,2.23104342343693,0
2012-10-01,94.3,95,26.70217391,25.8255,-0.739570196112936,3.33826060394756,-0.736842105263161,3.39460575787496,-0.162404521184366,1.02672671268177,0
2012-11-01,93.5,94.3,27.24909091,26.70217391,-0.851975334477004,2.02751775098665,-0.84835630965005,2.04821151207909,-0.187392248849175,0.617252712808152,0
2012-12-01,94,93.5,27.22333333,27.24909091,0.533334597536225,-0.0945710872210839,0.53475935828877,-0.094526382861998,0.117527353421431,-0.0286143753013504,0
2013-01-01,93.6,94,26.51782609,27.22333333,-0.426439878645738,-2.62572590955006,-0.425531914893623,-2.5915534716042,-0.0938613713355998,-0.794693324988126,0
2013-02-01,93.5,93.6,26.3165,26.51782609,-0.106894718890487,-0.762107059287189,-0.106837606837601,-0.759210386691236,-0.0235501219113782,-0.232504442814009,0
2013-03-01,94,93.5,32.31666667,26.3165,0.533334597536225,20.5386974232439,0.53475935828877,22.8000177455209,0.117527353421431,6.28057054578348,0
2013-04-01,94.7,94,28.575,32.31666667,0.741921792202845,-12.3050883442822,0.744680851063833,-11.5781330673978,0.163300386120258,-3.54043854357197,0
2013-05-01,94.9,94.7,26.73304348,28.575,0.210970542384985,-6.66318259293098,0.211193241816265,-6.44604206474191,0.0463598772359858,-1.98750740520558,0
2013-06-01,95.3,94.9,26.23,26.73304348,0.420610504427486,-1.89965898727826,0.421496311907262,-1.88172918050406,0.0923845357571535,-0.578124338970187,0
2013-07-01,94.8,95.3,26.07043478,26.23,-0.526040139918052,-0.610188866545741,-0.524658971668416,-0.608330995043847,-0.1154348691526,-0.186778951889877,0
2013-08-01,95.2,94.8,25.55181818,26.07043478,0.421053253634341,-2.00934294516452,0.421940928270048,-1.98929018398211,0.0925032038700534,-0.61621128899367,0
2013-09-01,95.4,95.2,26.47857143,25.55181818,0.209863665692126,3.56273048336999,0.210084033613448,3.62695618554999,0.0460633427655819,1.09936778022979,0
2013-10-01,95.1,95.4,25.86869565,26.47857143,-0.314960890289683,-2.33022050732586,-0.314465408805043,-2.30328052860516,-0.0690994867395406,-0.711227622372213,0
2013-11-01,96.4,95.1,27.18047619,25.86869565,1.35772320651552,4.94653529149548,1.36698212407993,5.07091875735915,0.298077800025332,1.52059152684938,0.615801414312671
2013-12-01,96.3,96.4,27.70272727,27.18047619,-0.103788281241975,1.90319373103273,-0.103734439834034,1.92141990577833,-0.0227182095550732,0.576288977611698,0
2014-01-01,96.5,96.3,26.25391304,27.70272727,0.207468954086039,-5.37158196288527,0.207684319833855,-5.22986136303251,0.0454231840496622,-1.61720067643465,0
2014-02-01,97.3,96.5,23.849,26.25391304,0.82559808470188,-9.60727583844078,0.829015544041448,-9.16020799008482,0.180674103120195,-2.93996927697978,0
2014-03-01,96.7,97.3,22.76714286,23.849,-0.618558673271082,-4.64238937924193,-0.616649537512841,-4.53627883768712,-0.135121414184301,-1.46367168517919,0
2014-04-01,98.2,96.7,20.42318182,22.76714286,1.53928129011717,-10.86477745386,1.5511892450879,-10.2953675584746,0.336704168661579,-3.47637459112032,0.181558083601658
2014-05-01,97,98.2,19.08818182,20.42318182,-1.22952368570367,-6.76012287366848,-1.22199592668025,-6.53668959012382,-0.268044913823397,-2.24092177322496,0
2014-06-01,96.7,97,17.39190476,19.08818182,-0.309757604413505,-9.30645363835356,-0.309278350515461,-8.88653029395756,-0.0677108577720122,-3.15572555457926,0
2014-07-01,97.7,96.7,16.50565217,17.39190476,1.02881565894893,-5.23019762776204,1.03412616339193,-5.09577646744196,0.225044326450589,-1.83129857777334,0
2014-08-01,95.9,97.7,17.49714286,16.50565217,-1.8595577159345,5.83347244521241,-1.84237461617195,6.00697676037359,-0.405848465308488,2.08063147167815,0
2014-09-01,96.9,95.9,20.74863636,17.49714286,1.03735370073281,17.0442924469443,1.04275286757039,18.5829968127722,0.227325036903027,5.95529996961246,0
2014-10-01,96.7,96.9,21.26826087,20.74863636,-0.206611643747237,2.4735334485419,-0.206398348813212,2.5043790877831,-0.045174053602487,0.815679911735033,0
2014-11-01,96.6,96.7,22.978,21.26826087,-0.103466124077556,7.73213750189041,-0.103412616339202,8.03892307156943,-0.0226322995776279,2.52914346006257,0
2014-12-01,97.9,96.6,22.52086957,22.978,1.33678083179922,-2.00948206724735,1.34575569358179,-1.98942653842807,0.292475178196546,-0.641077746307217,0
2015-01-01,97.3,97.9,19.755,22.52086957,-0.614756034450579,-13.1035791895346,-0.612870275791633,-12.2813622333856,-0.134110646319108,-4.20735959773475,0
2015-02-01,99.5,97.3,22.566,19.755,2.23586549725877,13.30377248529,2.26104830421377,14.2293090356872,0.488414957174306,4.45925552986215,0.696584207141598
2015-03-01,99.9,99.5,21.85681818,22.566,0.401204148996158,-3.19314309992654,0.402010050251262,-3.14270061153947,0.0872153043505147,-1.0246109805368,0
2015-04-01,99.5,99.9,22.07818182,21.85681818,-0.401204148996158,1.00769551926652,-0.400400400400406,1.01278986802643,-0.0871393055399791,0.326695185317093,0
2015-05-01,100.2,99.5,20.54857143,22.07818182,0.701054448621733,-7.17984511721357,0.703517587939701,-6.92815378762019,0.152397918256354,-2.32012816304566,0
2015-06-01,100.6,100.2,20.52045455,20.54857143,0.398406901487476,-0.136925012083793,0.399201596806379,-0.136831312560004,0.086475441132995,-0.0452975389235053,0
2015-07-01,100.6,100.6,20.85826087,20.52045455,0,1.63279029558981,0,1.64619316388388,0,0.540404552176882,0
2015-08-01,100.2,100.6,19.57619048,20.85826087,-0.398406901487476,-6.34360181975688,-0.3976143141153,-6.14658335127054,-0.0864007257242828,-2.08825665839197,0
2015-09-01,100.4,100.2,19.16,19.57619048,0.199401860686521,-2.14892838322953,0.199600798403196,-2.12600342454372,0.0432807860537249,-0.722495453573107,0
2015-10-01,100.5,100.4,18.24363636,19.16,0.099552024150114,-4.90084459243548,0.0996015936254923,-4.78269123173278,0.0215987243827866,-1.65971399251548,0
2015-11-01,100.2,100.5,17.20238095,18.24363636,-0.298953884836635,-5.87685250535492,-0.298507462686564,-5.70749925866206,-0.0648467801987349,-2.02383754491759,0
2015-12-01,100.9,100.2,15.64086957,17.20238095,0.696173870879932,-9.51604688883589,0.69860279441118,-9.07729798879962,0.151106676026041,-3.34477574809181,0
2016-01-01,103.4,100.9,13.90428571,15.64086957,2.44750347147652,-11.7690215601592,2.47770069375619,-11.1028600566484,0.530436617522192,-4.27981954762652,0.211637974217751
2016-02-01,101.5,103.4,12.47666667,13.90428571,-1.85461635924867,-10.8336883559466,-1.83752417794972,-10.2674748618928,-0.399822009938804,-4.11583474720389,0
2016-03-01,100.5,101.5,12.26782609,12.47666667,-0.990107098271153,-1.68801632686606,-0.985221674876847,-1.67384915798188,-0.214306168267058,-0.668823219467619,0
2016-04-01,102.2,100.5,11.98,12.26782609,1.67739502704734,-2.37414775594294,1.69154228855722,-2.34618658504312,0.36384764387601,-0.947015009859765,0
2016-05-01,100.6,102.2,13.04090909,11.98,-1.5779420103965,8.4852676871989,-1.5655577299413,8.8556685308848,-0.341034214526621,3.41701667821469,0
2016-06-01,101.9,100.6,14.41590909,13.04090909,1.28396825630404,10.0241125099236,1.29224652087476,10.5437434653568,0.278448462457415,3.90333187482228,0
2016-07-01,101.9,101.9,14.24190476,14.41590909,0,-1.214373638398,0,-1.20702987868245,0,-0.455105833451985,0
2016-08-01,101.8,101.9,11.98086957,14.24190476,-0.0981836112256929,-17.2877483079516,-0.0981354268891153,-15.8759325251941,-0.0212335169470121,-6.50847907737911,0
2016-09-01,101.8,101.8,12.28227273,11.98086957,0,2.48458061324624,0,2.51570354087413,0,1.00051118766906,0
2016-10-01,102.7,101.8,16.09380952,12.28227273,0.880201281809093,27.0277714859774,0.884086444007864,31.0328297847527,0.190395707988037,10.775948908777,0
2016-11-01,103.1,102.7,17.90590909,16.09380952,0.388727408840111,10.6696078942669,0.389483933787723,11.2596061718519,0.0839255563538238,3.84015068229186,0
2016-12-01,103.1,103.1,17.68954545,17.90590909,0,-1.21569625964571,0,-1.20833652685545,0,-0.421366085074934,0
2017-01-01,102.2,103.1,20.12272727,17.68954545,-0.876771325331049,12.8876073710767,-0.872938894277392,13.7549143186152,-0.189134637812997,4.48580746363016,0
2017-02-01,103.7,102.2,19.553,20.12272727,1.45704374658777,-2.87211589001095,1.46771037181996,-2.83126269295205,0.314904962523703,-0.956781984059963,0
2017-03-01,103.7,103.7,15.79913043,19.553,0,-21.3173824901706,0,-19.1984328236076,0,-7.17001665421099,0
2017-04-01,104.3,103.7,16.058,15.79913043,0.576924677124566,1.62522653200602,0.578592092574729,1.63850517689536,0.124296976022233,0.588859814545439,0
2017-05-01,104.9,104.3,15.66913043,16.058,0.573615339552418,-2.45146055954729,0.575263662511993,-2.42165630838212,0.12343056707253,-0.883025081130045,0
2017-06-01,104.3,104.9,15.13454545,15.66913043,-0.573615339552418,-3.47126531803474,-0.571973307912306,-3.41170802290654,-0.123278403839593,-1.26150187188828,0
2017-07-01,105.8,104.3,15.09571429,15.13454545,1.4279157417472,-0.256902730514298,1.43815915627996,-0.256573017856966,0.307258954882853,-0.0945545197682794,0
2017-08-01,106.7,105.8,15.99304348,15.09571429,0.847063888350874,5.77429635129357,0.85066162570889,5.94426452939976,0.181712905356543,2.12727424217976,0
2017-09-01,106.2,106.7,17.30285714,15.99304348,-0.469704949986919,7.87177952742354,-0.468603561387066,8.18989619854394,-0.100578762721736,2.83958970786174,0
2017-10-01,106.8,106.2,17.10363636,17.30285714,0.563381771825618,-1.1580546935873,0.564971751412424,-1.15137504972778,0.120759406782047,-0.406210745215071,0
2017-11-01,109.1,106.8,19.57090909,17.10363636,2.13069663129301,13.4753140041002,2.15355805243445,14.4254278918732,0.456158386525579,4.74601355063364,0.673652884705234
2017-12-01,109.7,109.1,20.7952381,19.57090909,0.548447444216038,6.06797894232534,0.549954170485801,6.25586171991154,0.116883308325801,2.04031227035033,0
2018-01-01,108,109.7,18.6,20.7952381,-1.56181401569654,-11.1562442277926,-1.54968094804011,-10.5564460933006,-0.332460055569214,-3.67619728952314,0
2018-02-01,106.2,108,21.679,18.6,-1.68071183163812,15.3182469327223,-1.66666666666666,16.5537634408602,-0.358962991447469,5.24030112935247,0
2018-03-01,106.3,106.2,23.62272727,21.679,0.0941176540063111,8.58652184942497,0.0941619585687329,8.96594524655196,0.0201738725565975,2.79114484912554,0
2018-04-01,106.8,106.3,19.6452381,23.62272727,0.469264117819307,-18.4374295471305,0.470366886171214,-16.837552770849,0.100565246320821,-5.83055325609093,0
2018-05-01,108.4,106.8,21.56608696,19.6452381,1.48701624794512,9.32870596554494,1.49812734082398,9.77768174772084,0.318353594987539,3.1327142202006,0
2018-06-01,108.1,108.4,21.92761905,21.56608696,-0.277136436038404,1.6624953359389,-0.276752767527686,1.67639169159689,-0.0591435346697108,0.541331577913201,0
2018-07-01,106.5,108.1,22.25363636,21.92761905,-1.49117394956818,1.47584410846594,-1.48011100832562,1.48678846187818,-0.318418938152231,0.477967953694801,0
2018-08-01,108.2,106.5,23.94347826,22.25363636,1.58363812629011,7.31905531341471,1.5962441314554,7.59355402714057,0.339243560628056,2.35907897189198,0
2018-09-01,107.3,108.2,27.837,23.94347826,-0.835271677572848,15.0670090736183,-0.83179297597043,16.2613037993921,-0.178325149532482,4.74447464967376,0
2018-10-01,108.3,107.3,25.53956522,27.837,0.927650437029172,-8.61372440722204,0.931966449207829,-8.25316945073104,0.198401221855217,-2.58952990238117,0
2018-11-01,106.4,108.3,24.63363636,25.53956522,-1.76995770994006,-3.61159862680501,-1.75438596491227,-3.54715850562157,-0.377800115852129,-1.1146122140348,0
2018-12-01,107.2,106.4,23.66619048,24.63363636,0.749067172915773,-4.00653730914769,0.751879699248118,-3.92733685705832,0.160495860011399,-1.25043577063091,0
2019-01-01,107.9,107.2,21.39782609,23.66619048,0.650862362738678,-10.0758135319101,0.652985074626868,-9.58483111980768,0.139230942102065,-3.18446977646933,0
2019-02-01,108,107.9,18.0035,21.39782609,0.0926354860131369,-17.2723148849565,0.0926784059314127,-15.8629483000906,0.0197888126114705,-5.6384862843021,0
2019-03-01,108.1,108,15.69761905,18.0035,0.0925497520942145,-13.7057135451176,0.0925925925925873,-12.8079592856944,0.0197665865403475,-4.74153251485588,0
2019-04-01,107.9,108.1,15.04181818,15.69761905,-0.185185238107351,-4.26748471447706,-0.185013876040693,-4.17770916666499,-0.0395436675222812,-1.5498350069327,0
2019-05-01,108.3,107.9,13.29869565,15.04181818,0.370028174285608,-12.3168241852972,0.370713623725664,-11.5885095082302,0.07904549883685,-4.54355496233148,0
2019-06-01,106.5,108.3,10.5225,13.29869565,-1.67601688574644,-23.4150137327231,-1.66204986149584,-20.8756988133645,-0.357748306668057,-9.04870029741548,0
2019-07-01,106.4,106.5,10.94130435,10.5225,-0.0939408241936235,3.90291958293193,-0.0938967136150181,3.98008410548822,-0.0201238017440487,1.65833581699689,0
2019-08-01,106.9,106.4,10.02954545,10.94130435,0.468824112345544,-8.70097355878744,0.469924812030075,-8.33318287138223,0.100450709663444,-3.63670212897754,0
2019-09-01,107.1,106.9,9.568095238,10.02954545,0.186915942270332,-4.71011309409488,0.187090739008408,-4.60090852871105,0.0400086024106406,-2.04295858365916,0
2019-10-01,107.7,107.1,10.30913043,9.568095238,0.558660670864015,7.45958011227319,0.560224089635862,7.74485593597516,0.119531237154944,3.30298765146291,0
2019-11-01,106.1,107.7,14.76380952,10.30913043,-1.49675385424052,35.9148931346039,-1.48560817084495,43.2110071770622,-0.319863653552711,15.3940986066187,0
2019-12-01,104.5,106.1,13.03136364,14.76380952,-1.5194974215072,-12.4819843895265,-1.50801131008482,-11.7344095888877,-0.325766072900069,-4.63638745045616,0
2020-01-01,107.2,104.5,11.14478261,13.03136364,2.5509177231836,-15.6387578496892,2.58373205741627,-14.4772341722481,0.548680378742596,-6.09137935475981,1.90005536044492
2020-02-01,106.7,107.2,9.3725,11.14478261,-0.467509032899386,-17.3191591411769,-0.466417910447761,-15.9023524461551,-0.100008430074088,-7.18347745755076,0
2020-03-01,95.3,106.7,8.622727273,9.3725,-11.2991347647551,-8.33784460136488,-10.6841611996251,-7.99970901040277,-2.4195039769048,-3.72594494862052,0
2020-04-01,76,95.3,6.54,8.622727273,-22.6296470373826,-27.6464258145174,-20.2518363064008,-24.1539272559572,-4.96587645409858,-12.8325322808862,0
2020-05-01,86.4,76,4.575714286,6.54,12.8254335523679,-35.7174350840912,13.6842105263158,-30.0349497553517,2.96149232580549,-19.0195048805954,10.2745158291843
2020-06-01,95.3,86.4,4.991818182,4.575714286,9.80421348501466,8.70373939006387,10.3009259259259,9.09374733630386,2.19875321436802,5.7232721015682,0
2020-07-01,100.1,95.3,4.879565217,4.991818182,4.91398756610175,-2.27440875100115,5.03672612801679,-2.24873905473508,1.07833123114678,-1.41460906581314,0
2020-08-01,101,100.1,7.533333333,4.879565217,0.895083052008545,43.428149654706,0.899100899100905,54.385339635476,0.194322639625425,27.3984933901216,0
2020-09-01,101.5,101,11.16181818,7.533333333,0.493828164058186,39.3161245472204,0.495049504950495,48.1657280596533,0.107002225024489,19.4698123806618,0
2020-10-01,104.5,101.5,13.95545455,11.16181818,2.91282729230238,22.3371575974365,2.95566502463054,25.0285063324692,0.63047407389264,9.25892979253347,0
2020-11-01,107.6,104.5,13.79428571,13.95545455,2.92335763228181,-1.16160115891762,2.96650717703349,-1.15488061977888,0.628788987705423,-0.440689778118541,0
2020-12-01,108.1,107.6,16.34565217,13.79428571,0.463607691747825,16.9707512232218,0.464684014869888,18.4958214846197,0.0990949140011597,6.46688485913508,0
2021-01-01,109,108.1,20.47619048,16.34565217,0.829115758398132,22.5300831494739,0.832562442183169,25.26995109795,0.177045849996821,8.06384755271645,0
2021-02-01,107.4,109,17.4085,20.47619048,-1.47877001543787,-16.2304178462709,-1.46788990825688,-14.9817442018639,-0.315212184762393,-5.37562281804565,0
2021-03-01,108.9,107.4,17.79521739,17.4085,1.38698478641498,2.19711425529232,1.39664804469274,2.22142855501623,0.296582259698334,0.769039586683512,0
2021-04-01,109.9,108.9,20.77545455,17.79521739,0.914083147066151,15.4842484924767,0.918273645546373,16.7474051858155,0.194882588852531,5.37847391790667,0
2021-05-01,108.2,109.9,25.2852381,20.77545455,-1.55894949971946,19.6448530972586,-1.54686078252957,21.7072677719102,-0.331721671125494,6.47538828613467,0
2021-06-01,107.1,108.2,29.23863636,25.2852381,-1.02183889586786,14.5270246541371,-1.01663585951942,15.6352028182009,-0.21815605484582,4.49722349440674,0
2021-07-01,109.7,107.1,36.13954545,29.23863636,2.39863898274825,21.1896709929335,2.42763772175538,23.6020209870006,0.51321365553181,6.27750777812845,0
2021-08-01,107.1,109.7,44.30409091,36.13954545,-2.39863898274825,20.3689310777187,-2.37010027347312,22.5917215015774,-0.510593221395389,5.67792854798441,0
2021-09-01,107.3,107.1,64.45363636,44.30409091,0.186567218295011,37.4869130819824,0.186741363211954,45.4801013543695,0.0399179888229278,9.88819612479015,0
2021-10-01,108,107.3,87.69238095,64.45363636,0.650257748756701,30.7888870115877,0.652376514445483,36.0549782795839,0.139073865245315,7.39061089818923,0
2021-11-01,109.3,108,81.92136364,87.69238095,1.19651680582734,-6.80752121726442,1.2037037037037,-6.58097915403904,0.255549609309487,-1.52162991882008,0
2021-12-01,113.7,109.3,112.8073913,81.92136364,3.94670055739971,31.9922055477714,4.0256175663312,37.7020428953397,0.840779614464281,7.261450226102,1.54806157465146
2022-01-01,111.5,113.7,84.06952381,112.8073913,-1.95388098563166,-29.4037741703696,-1.9349164467898,-25.4751636030431,-0.412771694432021,-6.22212307665321,0
2022-02-01,111.9,111.5,81.164,84.06952381,0.358102441770541,-3.5172321817389,0.358744394618839,-3.45609642867324,0.0759653317171514,-0.793663048242813,0
2022-03-01,111.6,111.9,129.1830435,81.164,-0.268456537066868,46.4758541370043,-0.268096514745318,59.1629829727465,-0.0569052521463855,10.5711707616233,0
2022-04-01,110.2,111.6,101.062381,129.1830435,-1.26241532283962,-24.5492380627965,-1.25448028673834,-21.7680755446825,-0.267748984440312,-5.05000511051604,0
2022-05-01,113.7,110.2,88.58863636,101.062381,3.1266504037676,-13.1734368249964,3.17604355716878,-12.3426190008328,0.664919819492751,-2.85402614697645,0
2022-06-01,113.3,113.7,106.2945455,88.58863636,-0.352423272252963,18.2210380110276,-0.351802990325423,19.9866595395464,-0.0744520020998643,4.06356454423269,0
2022-07-01,110.6,113.3,171.4166667,106.2945455,-2.41190789457261,47.7883268351648,-2.38305383936452,61.2657224259922,-0.509912879976238,10.2413492233565,0
2022-08-01,113.9,110.6,235.683913,171.4166667,2.94007813649023,31.8394315538122,2.98372513562388,37.4918306003905,0.624761594083903,6.18950810374737,0
2022-09-01,114.7,113.9,190.2418182,235.683913,0.699915368218853,-21.4195565299559,0.702370500438979,-19.2809488868254,0.147807379344893,-3.92120634182158,0
2022-10-01,113.9,114.7,72.15047619,190.2418182,-0.699915368218853,-96.9542105099878,-0.697471665213598,-62.0743341959922,-0.147589231569514,-18.473464661524,0
2022-11-01,114.2,113.9,96.28181818,72.15047619,0.263042676877319,28.8525611834269,0.263388937664616,33.4458527015856,0.0555490713456442,6.74321588891554,0
2022-12-01,113.5,114.2,113.9918182,96.28181818,-0.614846030045271,16.8847178611085,-0.612959719789845,18.3939193866187,-0.129770441162151,3.69688736414742,0
2023-01-01,113.5,113.5,63.00409091,113.9918182,0,-59.2927016280748,0,-44.7292867989362,0,-12.5192389665167,0
2023-02-01,115.3,113.5,53.353,63.00409091,1.57345903535554,-16.6269450768561,1.58590308370044,-15.3181972322819,0.332528444143553,-4.01306874972412,0
2023-03-01,110.3,115.3,44.18782609,53.353,-4.43335010155556,-18.8480885275758,-4.33651344319167,-17.1783665585815,-0.933820990243401,-4.73935612117232,0
2023-04-01,111.6,110.3,42.585,44.18782609,1.17171236877533,-3.69472447253435,1.17860380779691,-3.62730243107101,0.249130674992274,-0.975260365710278,0
2023-05-01,111.8,111.6,31.33565217,42.585,0.179051077378801,-30.6745582303884,0.179211469534053,-26.4162212750969,0.037975413688169,-8.17660701973876,0
2023-06-01,112.9,111.8,32.39909091,31.33565217,0.979091043461835,3.33738677821475,0.983899821109131,3.39370227315106,0.207579164181956,0.968830970145474,0
2023-07-01,108.6,112.9,29.66571429,32.39909091,-3.88310636557821,-8.81383861068463,-3.8086802480071,-8.43658430908732,-0.821560210594538,-2.53407367985127,0
2023-08-01,109,108.6,33.52304348,29.66571429,0.367647472930855,12.2241089470439,0.368324125230208,13.0026506434071,0.0784285929987869,3.60594037581881,0
2023-09-01,108.5,109,36.52761905,33.52304348,-0.45977092486288,8.58355933121732,-0.458715596330275,8.96271715840044,-0.0980040142843586,2.44390368361464,0
2023-10-01,108.1,108.5,43.26454545,36.52761905,-0.369344833535251,16.9264827073611,-0.368663594470051,18.4433767522003,-0.0788061705666655,4.7043245427803,0
2023-11-01,108.7,108.1,43.26909091,43.26454545,0.553506948200209,0.010505648890728,0.555041628122117,0.0105062007533533,0.118193517769561,0.00278861665012972,0
2023-12-01,116.1,108.7,35.31857143,43.26909091,6.58600945766818,-20.3029615881056,6.80772769089236,-18.3745933015721,1.40468817650487,-5.38906244901368,5.01255042231264
